snp,CHR,POS,Final_A1,Final_A2,Final_EAF,Final_BETA,stderr,pvalue
rs933360,7,50758245,C,T,0.38,0.069,0.022,0.001648
rs10830963,11,92708710,C,G,0.31,0.19,0.023,8.14e-17
rs7923866,10,94482076,T,C,0.38,0.098,0.021,3.47e-06
rs7756992,6,20679709,A,G,0.7,0.096,0.022,1.49e-05
rs4502156,15,62383155,C,T,0.48,0.1,0.021,1.53e-06
rs3757840,7,44231216,G,T,0.55,0.073,0.023,0.001202
rs12549902,8,41509259,G,A,0.42,0.056,0.02,0.004892
